{
  "IcoMoonType": "selection",
  "icons": [
    {
      "icon": {
        "paths": [
          "M1024 590.444l-512-397.426-512 397.428v-162.038l512-397.426 512 397.428zM896 576v384h-256v-256h-256v256h-256v-384l384-288z"
        ],
        "tags": [
          "home",
          "house"
        ],
        "defaultCode": 59648,
        "grid": 16,
        "attrs": []
      },
      "attrs": [],
      "properties": {
        "ligatures": "home, house",
        "name": "home",
        "order": 10,
        "id": 1,
        "prevSize": 32
      },
      "setIdx": 2,
      "setId": 1,
      "iconIdx": 0
    },
    {
      "icon": {
        "paths": [
          "M512 92.2c136.8 0 153 0.6 206.8 3 50 2.2 77 10.6 95 17.6 23.8 9.2 41 20.4 58.8 38.2 18 18 29 35 38.4 58.8 7 18 15.4 45.2 17.6 95 2.4 54 3 70.2 3 206.8s-0.6 153-3 206.8c-2.2 50-10.6 77-17.6 95-9.2 23.8-20.4 41-38.2 58.8-18 18-35 29-58.8 38.4-18 7-45.2 15.4-95 17.6-54 2.4-70.2 3-206.8 3s-153-0.6-206.8-3c-50-2.2-77-10.6-95-17.6-23.8-9.2-41-20.4-58.8-38.2-18-18-29-35-38.4-58.8-7-18-15.4-45.2-17.6-95-2.4-54-3-70.2-3-206.8s0.6-153 3-206.8c2.2-50 10.6-77 17.6-95 9.2-23.8 20.4-41 38.2-58.8 18-18 35-29 58.8-38.4 18-7 45.2-15.4 95-17.6 53.8-2.4 70-3 206.8-3zM512 0c-139 0-156.4 0.6-211 3-54.4 2.4-91.8 11.2-124.2 23.8-33.8 13.2-62.4 30.6-90.8 59.2-28.6 28.4-46 57-59.2 90.6-12.6 32.6-21.4 69.8-23.8 124.2-2.4 54.8-3 72.2-3 211.2s0.6 156.4 3 211c2.4 54.4 11.2 91.8 23.8 124.2 13.2 33.8 30.6 62.4 59.2 90.8 28.4 28.4 57 46 90.6 59 32.6 12.6 69.8 21.4 124.2 23.8 54.6 2.4 72 3 211 3s156.4-0.6 211-3c54.4-2.4 91.8-11.2 124.2-23.8 33.6-13 62.2-30.6 90.6-59s46-57 59-90.6c12.6-32.6 21.4-69.8 23.8-124.2 2.4-54.6 3-72 3-211s-0.6-156.4-3-211c-2.4-54.4-11.2-91.8-23.8-124.2-12.6-34-30-62.6-58.6-91-28.4-28.4-57-46-90.6-59-32.6-12.6-69.8-21.4-124.2-23.8-54.8-2.6-72.2-3.2-211.2-3.2v0z",
          "M512 249c-145.2 0-263 117.8-263 263s117.8 263 263 263 263-117.8 263-263c0-145.2-117.8-263-263-263zM512 682.6c-94.2 0-170.6-76.4-170.6-170.6s76.4-170.6 170.6-170.6c94.2 0 170.6 76.4 170.6 170.6s-76.4 170.6-170.6 170.6z",
          "M846.8 238.6c0 33.91-27.49 61.4-61.4 61.4s-61.4-27.49-61.4-61.4c0-33.91 27.49-61.4 61.4-61.4s61.4 27.49 61.4 61.4z"
        ],
        "tags": [
          "instagram",
          "brand",
          "social"
        ],
        "defaultCode": 60050,
        "grid": 16,
        "attrs": []
      },
      "attrs": [],
      "properties": {
        "ligatures": "instagram, brand12",
        "name": "instagram",
        "order": 12,
        "id": 403,
        "prevSize": 32
      },
      "setIdx": 2,
      "setId": 1,
      "iconIdx": 402
    },
    {
      "icon": {
        "paths": [
          "M512 0c-282.8 0-512 229.2-512 512s229.2 512 512 512 512-229.2 512-512-229.2-512-512-512zM763.6 351l-84 395.8c-5.8 28.2-22.8 34.8-46.4 21.8l-128-94.6-61.4 59.8c-7.2 7-12.8 12.8-25.6 12.8-16.6 0-13.8-6.2-19.4-22l-43.6-143.2-126.6-39.4c-27.4-8.4-27.6-27.2 6.2-40.6l493.2-190.4c22.4-10.2 44.2 5.4 35.6 40z"
        ],
        "tags": [
          "telegram",
          "brand",
          "social"
        ],
        "defaultCode": 60053,
        "grid": 16,
        "attrs": []
      },
      "attrs": [],
      "properties": {
        "name": "telegram",
        "ligatures": "telegram, brand15",
        "order": 13,
        "id": 406,
        "prevSize": 32
      },
      "setIdx": 2,
      "setId": 1,
      "iconIdx": 405
    },
    {
      "icon": {
        "paths": [
          "M384 384h177.106v90.782h2.532c24.64-44.194 84.958-90.782 174.842-90.782 186.946 0 221.52 116.376 221.52 267.734v308.266h-184.61v-273.278c0-65.184-1.334-149.026-96.028-149.026-96.148 0-110.82 70.986-110.82 144.292v278.012h-184.542v-576z",
          "M64 384h192v576h-192v-576z",
          "M256 224c0 53.019-42.981 96-96 96s-96-42.981-96-96c0-53.019 42.981-96 96-96s96 42.981 96 96z"
        ],
        "tags": [
          "linkedin",
          "brand",
          "social"
        ],
        "defaultCode": 60106,
        "grid": 16,
        "attrs": []
      },
      "attrs": [],
      "properties": {
        "ligatures": "linkedin2, brand65",
        "name": "linkedin2",
        "order": 11,
        "id": 459,
        "prevSize": 32
      },
      "setIdx": 2,
      "setId": 1,
      "iconIdx": 458
    }
  ],
  "height": 1024,
  "preferences": {
    "showGlyphs": true,
    "showQuickUse": true,
    "showQuickUse2": true,
    "showSVGs": true,
    "fontPref": {
      "prefix": "icon-",
      "metadata": {
        "fontFamily": "icomoon",
        "majorVersion": 1,
        "minorVersion": 0
      },
      "metrics": {
        "emSize": 1024,
        "baseline": 6.25,
        "whitespace": 50
      },
      "embed": false
    },
    "imagePref": {
      "prefix": "icon-",
      "png": true,
      "useClassSelector": true,
      "color": 0,
      "bgColor": 16777215,
      "classSelector": ".icon",
      "name": "icomoon",
      "autoHost": true,
      "height": 32
    },
    "historySize": 50,
    "showCodes": true,
    "gridSize": 16,
    "quickUsageToken": {
      "UntitledProject": "YTE2ZDBhMWJhOTdiZWNmNzczNGYyMzgyNTY4MmYyODAjMSMxNjc2OTgyMjQwIyMjZTE5OWYwZTE3MWE4"
    }
  }
}